USE `codepilot`;

INSERT INTO `User` (`email`, `password`, `role`, `skillLevel`, `preferredLanguage`) VALUES
('alice@codepilot.com', 'pass123', 'STUDENT', 'Beginner', 'Python'),
('bob@codepilot.com', 'pass123', 'STUDENT', 'Intermediate', 'Java'),
('carol@codepilot.com', 'pass123', 'STUDENT', 'Advanced', 'C++'),
('manager1@codepilot.com', 'pass123', 'MANAGER', 'Expert', 'Python'),
('manager2@codepilot.com', 'pass123', 'MANAGER', 'Expert', 'JavaScript'),
('david@codepilot.com', 'pass123', 'STUDENT', 'Beginner', 'Python'),
('emma@codepilot.com', 'pass123', 'STUDENT', 'Intermediate', 'Java'),
('frank@codepilot.com', 'pass123', 'STUDENT', 'Advanced', 'C++'),
('grace@codepilot.com', 'pass123', 'STUDENT', 'Beginner', 'JavaScript'),
('henry@codepilot.com', 'pass123', 'STUDENT', 'Intermediate', 'Python'),
('ivy@codepilot.com', 'pass123', 'STUDENT', 'Advanced', 'Java'),
('jack@codepilot.com', 'pass123', 'STUDENT', 'Beginner', 'C'),
('karen@codepilot.com', 'pass123', 'STUDENT', 'Intermediate', 'Python'),
('liam@codepilot.com', 'pass123', 'STUDENT', 'Advanced', 'JavaScript'),
('mia@codepilot.com', 'pass123', 'STUDENT', 'Beginner', 'Java'),
('noah@codepilot.com', 'pass123', 'MANAGER', 'Expert', 'Python'),
('olivia@codepilot.com', 'pass123', 'MANAGER', 'Expert', 'Java'),
('peter@codepilot.com', 'pass123', 'STUDENT', 'Intermediate', 'C++'),
('quinn@codepilot.com', 'pass123', 'STUDENT', 'Advanced', 'Python'),
('ruby@codepilot.com', 'pass123', 'STUDENT', 'Beginner', 'JavaScript');

INSERT INTO `LearningPath` (`pathName`, `description`, `difficulty`, `estimatedHours`) VALUES
('Python Fundamentals', 'Intro to Python basics', 'Beginner', 10),
('Java Programming', 'Core Java concepts', 'Intermediate', 15),
('Data Structures', 'Lists, trees, graphs', 'Intermediate', 20),
('Web Development', 'HTML, CSS, JS basics', 'Beginner', 12),
('Algorithms', 'Sorting and searching', 'Advanced', 18),
('C Programming', 'Core C syntax and memory basics', 'Intermediate', 16),
('Object Oriented Design', 'Classes, objects, and design principles', 'Intermediate', 18),
('Database Systems', 'SQL, schemas, and normalization', 'Intermediate', 20),
('Frontend Development', 'UI design with HTML, CSS, and JS', 'Beginner', 14),
('Backend Development', 'APIs, servers, and data flow', 'Intermediate', 19),
('Machine Learning Basics', 'Intro to machine learning concepts', 'Advanced', 22),
('Cybersecurity Fundamentals', 'Security concepts and threats', 'Beginner', 15),
('Operating Systems', 'Processes, memory, and scheduling', 'Advanced', 21),
('Computer Networks', 'Protocols and networking basics', 'Intermediate', 17),
('Software Engineering', 'SDLC and design practices', 'Beginner', 13),
('Data Science', 'Data analysis and visualization', 'Intermediate', 20),
('Web Security', 'Secure web development practices', 'Advanced', 18),
('Mobile App Development', 'Building mobile applications', 'Intermediate', 16),
('Cloud Computing', 'Cloud concepts and deployment', 'Advanced', 19),
('DevOps Basics', 'CI/CD and deployment workflows', 'Intermediate', 15);

INSERT INTO `KnowledgeBase` (`topic`, `content`, `version`) VALUES
('Python Basics', 'Variables, loops, and functions', 'v1'),
('Java OOP', 'Classes and objects', 'v1'),
('Linked Lists', 'Nodes and pointers', 'v1'),
('HTML Basics', 'Tags and structure', 'v1'),
('Sorting Algorithms', 'Bubble sort and merge sort', 'v1');

INSERT INTO `Lesson` (`pathID`, `title`, `content`) VALUES
(1, 'Intro to Python', 'Learn variables and printing'),
(2, 'Java Classes', 'Understand classes and objects'),
(3, 'Linked Lists Intro', 'Learn nodes and pointers'),
(4, 'HTML Basics', 'Structure of web pages'),
(5, 'Sorting Intro', 'Basic sorting concepts'),
(6, 'Intro to C', 'Learn variables, loops, and functions in C.'),
(7, 'OOP Basics', 'Understand objects, classes, and methods.'),
(8, 'SQL Intro', 'Learn SELECT, INSERT, UPDATE, and DELETE.'),
(9, 'CSS Intro', 'Learn styling, colors, spacing, and layout.'),
(10, 'Intro to APIs', 'Learn how servers and clients communicate.'),
(11, 'ML Basics', 'Understand training data and simple models.'),
(12, 'Intro to Cybersecurity', 'Learn threats, vulnerabilities, and controls.'),
(13, 'Operating Systems Overview', 'Learn process and memory concepts.'),
(14, 'Networking Basics', 'Learn IP, TCP, and data transmission.'),
(15, 'Software Engineering Intro', 'Learn planning and software lifecycle basics.'),
(16, 'Data Science Intro', 'Learn data handling and analysis basics.'),
(17, 'Web Security Intro', 'Learn common web vulnerabilities.'),
(18, 'Mobile Development Intro', 'Learn mobile app components.'),
(19, 'Cloud Basics', 'Learn cloud deployment models and services.'),
(20, 'DevOps Intro', 'Learn deployment pipelines and automation.');

INSERT INTO `UserEnrollment` (`userID`, `pathID`, `pathName`, `enrollDate`, `status`) VALUES
(1, 1, 'Python Fundamentals', '2026-04-01', 'Active'),
(2, 2, 'Java Programming', '2026-04-02', 'Active'),
(3, 3, 'Data Structures', '2026-04-03', 'Completed'),
(4, 4, 'Web Development', '2026-04-04', 'Active'),
(5, 5, 'Algorithms', '2026-04-05', 'In Progress'),
(6, 6, 'C Programming', '2026-04-06', 'Active'),
(7, 7, 'Object Oriented Design', '2026-04-07', 'Active'),
(8, 8, 'Database Systems', '2026-04-08', 'Completed'),
(9, 9, 'Frontend Development', '2026-04-09', 'Active'),
(10, 10, 'Backend Development', '2026-04-10', 'In Progress'),
(11, 11, 'Machine Learning Basics', '2026-04-11', 'Active'),
(12, 12, 'Cybersecurity Fundamentals', '2026-04-12', 'Active'),
(13, 13, 'Operating Systems', '2026-04-13', 'Completed'),
(14, 14, 'Computer Networks', '2026-04-14', 'Active'),
(15, 15, 'Software Engineering', '2026-04-15', 'In Progress'),
(16, 16, 'Data Science', '2026-04-16', 'Active'),
(17, 17, 'Web Security', '2026-04-17', 'Active'),
(18, 18, 'Mobile App Development', '2026-04-18', 'Completed'),
(19, 19, 'Cloud Computing', '2026-04-19', 'Active'),
(20, 20, 'DevOps Basics', '2026-04-20', 'In Progress');

INSERT INTO `AIChatSession` (`userID`, `lessonID`, `knowledgeBaseID`) VALUES
(1, 1, 1),
(2, 2, 2),
(3, 3, 3),
(4, 4, 4),
(5, 5, 5),
(6, 6, 1),
(7, 7, 2),
(8, 8, 3),
(9, 9, 4),
(10, 10, 5),
(11, 11, 1),
(12, 12, 2),
(13, 13, 3),
(14, 14, 4),
(15, 15, 5),
(16, 16, 1),
(17, 17, 2),
(18, 18, 3),
(19, 19, 4),
(20, 20, 5);

INSERT INTO `ContentFlag` (`userID`, `status`, `description`) VALUES
(1, 'Open', 'AI explanation unclear'),
(2, 'Resolved', 'Incorrect Java example'),
(3, 'Open', 'Code not compiling'),
(1, 'In Review', 'Missing explanation'),
(2, 'Resolved', 'Typo fixed');

INSERT INTO `ChatMessage` (`sessionID`, `senderRole`, `content`, `sentAt`) VALUES
(1, 'STUDENT', 'What is a variable?', '2026-04-01 10:00:00'),
(2, 'STUDENT', 'Explain classes in Java.', '2026-04-02 11:00:00'),
(3, 'STUDENT', 'What is a linked list?', '2026-04-03 12:00:00'),
(4, 'STUDENT', 'How does HTML structure a page?', '2026-04-04 13:00:00'),
(5, 'STUDENT', 'What is the purpose of sorting?', '2026-04-05 14:00:00'),
(6, 'STUDENT', 'How do pointers work in C?', '2026-04-06 10:00:00'),
(7, 'STUDENT', 'What is inheritance?', '2026-04-07 10:15:00'),
(8, 'STUDENT', 'How does UPDATE work in SQL?', '2026-04-08 10:30:00'),
(9, 'STUDENT', 'How do I center a div?', '2026-04-09 10:45:00'),
(10, 'STUDENT', 'What is an API endpoint?', '2026-04-10 11:00:00'),
(11, 'STUDENT', 'What is overfitting?', '2026-04-11 11:15:00'),
(12, 'STUDENT', 'What is authentication?', '2026-04-12 11:30:00'),
(13, 'STUDENT', 'What is a process?', '2026-04-13 11:45:00'),
(14, 'STUDENT', 'What is TCP?', '2026-04-14 12:00:00'),
(15, 'STUDENT', 'What is Agile?', '2026-04-15 12:15:00'),
(16, 'STUDENT', 'What is data cleaning?', '2026-04-16 12:30:00'),
(17, 'STUDENT', 'What is XSS?', '2026-04-17 12:45:00'),
(18, 'STUDENT', 'What is an activity in Android?', '2026-04-18 13:00:00'),
(19, 'STUDENT', 'What is cloud storage?', '2026-04-19 13:15:00'),
(20, 'STUDENT', 'What is CI/CD?', '2026-04-20 13:30:00');

INSERT INTO `PracticeCodingChallenge` (`lessonID`, `problem`, `starterCode`, `testCases`, `solution`) VALUES
(1, 'Print Hello', 'print("")', 'Output Hello', 'print("Hello")'),
(2, 'Create class', 'class A {}', 'Compiles', 'class A {}'),
(3, 'Add node', 'Node head;', 'Insert node', 'Add node solution'),
(4, 'Basic HTML', '<html></html>', 'Has h1', '<h1>Hello</h1>'),
(5, 'Sort list', 'sort()', 'Sorted output', 'sorted(list)');

INSERT INTO `Quiz` (`lessonID`, `questions`, `answers`, `timeSpent`, `score`) VALUES
(1, 'What is a variable?', 'A named storage location', 10, 90),
(2, 'What is an object?', 'An instance of a class', 12, 85),
(3, 'What is a linked list node?', 'A structure with data and next pointer', 15, 88),
(4, 'What does HTML stand for?', 'HyperText Markup Language', 8, 95),
(5, 'What is sorting?', 'Arranging data in order', 14, 92);

INSERT INTO `ProgressRecord` (`lessonID`, `userID`, `attempts`, `timeSpent`, `score`) VALUES
(1, 1, 2, 35, 90),
(2, 2, 1, 40, 85),
(3, 3, 3, 50, 88),
(4, 4, 1, 25, 95),
(5, 5, 2, 45, 92),
(6, 6, 2, 30, 84),
(7, 7, 1, 28, 88),
(8, 8, 3, 35, 91),
(9, 9, 2, 26, 86),
(10, 10, 1, 40, 89),
(11, 11, 2, 38, 87),
(12, 12, 1, 32, 90),
(13, 13, 3, 45, 85),
(14, 14, 2, 36, 88),
(15, 15, 1, 29, 92),
(16, 16, 2, 34, 86),
(17, 17, 1, 27, 93),
(18, 18, 2, 31, 89),
(19, 19, 1, 33, 90),
(20, 20, 2, 37, 88);
